USE [Proyek]

INSERT INTO MsCustomer VALUES ('CX001','Billy Hermawan','Male','0845756321534','531 Street')
INSERT INTO MsCustomer VALUES ('CX002','Narendra Pratama','Male','0898253792145','892 Street')
INSERT INTO MsCustomer VALUES ('CX003','Devin Fradian','Male','0812562930254','923 Street')
INSERT INTO MsCustomer VALUES ('CX004','Denila Fadila','Female','0886543821354','999 Street')
INSERT INTO MsCustomer VALUES ('CX005','Kenta Syahputra','Male','0879092837678','812 Street')
INSERT INTO MsCustomer VALUES ('CX006','Paul Ardiansyah','Male','0809281729741','771 Street')
INSERT INTO MsCustomer VALUES ('CX007','Dery Vabrasco','Male','0897689822157','599 Street')
INSERT INTO MsCustomer VALUES ('CX008','Dejun Larian Adyaputra','Male','0879087641145','995 Street')
INSERT INTO MsCustomer VALUES ('CX009','Vrancesca Gabrielika','Female','0834251789214','989 Street')
INSERT INTO MsCustomer VALUES ('CX010','Cessandra Zevanya','Female','0809819273478','921 Street')
INSERT INTO MsCustomer VALUES ('CX011','Leornado Hendrison','Male','0890927368974','231 Street')
INSERT INTO MsCustomer VALUES ('CX012','Jeffryson Kurniawan','Male','0849815344175','530 Street')
INSERT INTO MsCustomer VALUES ('CX013','Nesya Adilla','Female','0849812356217','315 Street')
INSERT INTO MsCustomer VALUES ('CX014','Renowa Michael','Male','0845218909831','889 Street')
INSERT INTO MsCustomer VALUES ('CX015','Hendrason Willy','Male','0881251593415','654 Street')
INSERT INTO MsCustomer VALUES ('CX016','Milly Bobby','Female', '0819876239110','980 Street')
INSERT INTO MsCustomer VALUES ('CX017','Devanka Averry','Female','0831234561214','981 Street')
INSERT INTO MsCustomer VALUES ('CX018','Zikriansyah Fabio','Male','0897673829113','999 Street')
INSERT INTO MsCustomer VALUES ('CX019','Michael Ananta','Male','0819289182631','312 Street')
INSERT INTO MsCustomer VALUES ('CX020','Larry Davidson','Male','0831323145687','641 Street')

INSERT INTO MsStaff VALUES('SF001','Frederick','Male','0832323266666','2002-09-08','Frederick@gmail.com','355 street')
INSERT INTO MsStaff VALUES('SF002','Bebert','Male','0834567891123','2002-11-02','bebert@gmail.com','200 street')
INSERT INTO MsStaff VALUES('SF003','Warren Branson Tanaka','Male','0890987373724','2001-09-23','WarrenTanaka@gmail.com','400 street')
INSERT INTO MsStaff VALUES('SF004','Andrew Laurie Bustaman','Male','0898980976543','2001-11-27','AndrewLB@gmail.com','322 street')
INSERT INTO MsStaff VALUES('SF005','Audy Elegant','Male','0890987689034','2001-04-14','Audyelchang@gmail.com','305 street')
INSERT INTO MsStaff VALUES('SF006','Kayla Safara','Female','0891263789028','2001-08-09','Kaylakeya@gmail.com','255 street')
INSERT INTO MsStaff VALUES('SF007','Ivonne Wijaya','Female','0859890987890','2002-04-16','Ivonnewjy@gmail.com','311 street')
INSERT INTO MsStaff VALUES('SF008','Sese Roland','Female','0838789990045','2002-05-11','Seseroland@gmail.com','399 street')
INSERT INTO MsStaff VALUES('SF009','Jessica Setiawan Lie','Female','0832678383920','2002-05-14','Jessicaxlie@gmail.com','292 street')
INSERT INTO MsStaff VALUES('SF010','Yohanie Ciu','Female','0838899076253','2001-12-10','Yohanieciu@gmail.com','395 street')
INSERT INTO MsStaff VALUES('SF011','Maureen Dinata','Female','0832367890123','2000-09-03','Maureendinata@gmail.com','955 street')
INSERT INTO MsStaff VALUES('SF012','Shi Qi Wei','Male','0832098767890','2000-06-22','Weiwei@gmail.com','359 street')
INSERT INTO MsStaff VALUES('SF013','Geraldo Sulehkan Sadikin','Male','0832889098765','2001-11-08','Gerry@gmail.com','285 street')
INSERT INTO MsStaff VALUES('SF014','Nadia Ondang','Female','0832890987689','2001-06-10','Nadiaondang@gmail.com','905 street')
INSERT INTO MsStaff VALUES('SF015','Charlotte Xiarenley Wyanet','Female','0898789092734','2001-05-08','Sharen@gmail.com','398 street')
INSERT INTO MsStaff VALUES('SF016','Valencia Laurent','Female','0832890989098','2002-01-09','Valencial@gmail.com','185 street')
INSERT INTO MsStaff VALUES('SF017','Kimberly','Female','0834557723546','2001-11-22','Kimmy@gmail.com','345 street')
INSERT INTO MsStaff VALUES('SF018','Steven Tanjaya','Male','0832323006666','2001-07-04','Steventan@gmail.com','985 street')
INSERT INTO MsStaff VALUES('SF019','Patrick Chang','Male','0832323299066','2001-02-18','Patchang@gmail.com','700 street')
INSERT INTO MsStaff VALUES('SF020','Hany Alexandra','Female','0898909865432','2000-02-25','aleale@gmail.com','655 street')

INSERT INTO MsSoftwareType VALUES('TP001','Multimedia Design')
INSERT INTO MsSoftwareType VALUES('TP002','Browser')
INSERT INTO MsSoftwareType VALUES('TP003','Text Editor')
INSERT INTO MsSoftwareType VALUES('TP004','Game Development')
INSERT INTO MsSoftwareType VALUES('TP005','Database Management')
INSERT INTO MsSoftwareType VALUES('TP006','Mobile Application')
INSERT INTO MsSoftwareType VALUES('TP007','Integrated Development Environment')
INSERT INTO MsSoftwareType VALUES('TP008','Web Development')
INSERT INTO MsSoftwareType VALUES('TP009','Business Analytics')
INSERT INTO MsSoftwareType VALUES('TP010','Others')


INSERT INTO MsSoftware VALUES('SW001','CorelDraw','2.5','2015-03-02',1250000,550,'TP001')
INSERT INTO MsSoftware VALUES('SW002','Adobe Photoshop','2.2','2013-03-15',1500000,655,'TP001')
INSERT INTO MsSoftware VALUES('SW003','Adobe Premiere CC 2020','1.9','2019-12-15',1550000,655,'TP001')
INSERT INTO MsSoftware VALUES('SW004','Adobe Premiere CC 2020','2.0','2020-03-18',1750000,125,'TP001')
INSERT INTO MsSoftware VALUES('SW005','Adobe Illustrator','3.1','2018-11-10',1350000,189,'TP001')
INSERT INTO MsSoftware VALUES('SW006','Mozila Firefox','1.9','2019-05-25',35000,800,'TP002')
INSERT INTO MsSoftware VALUES('SW007','Google Chrome','5.5','2020-01-23',45000,950,'TP002')
INSERT INTO MsSoftware VALUES('SW008','Opera','1.9','2017-09-08',25000,250,'TP002')
INSERT INTO MsSoftware VALUES('SW009','Internet Explorer','3.8','2019-01-13',27500,8,'TP002')
INSERT INTO MsSoftware VALUES('SW010','Safari','4.0','2020-04-29',55000,98,'TP002')
INSERT INTO MsSoftware VALUES('SW011','Brackets','2.8','2017-08-22',250000,62,'TP003')
INSERT INTO MsSoftware VALUES('SW012','TextPad','1.2','2018-06-06',125000,90,'TP003')
INSERT INTO MsSoftware VALUES('SW013','NoteTab','1.9','2018-04-28',235000,25,'TP003')
INSERT INTO MsSoftware VALUES('SW014','Visual Studio Code','2.2','2020-02-19',990000,55,'TP003')
INSERT INTO MsSoftware VALUES('SW015','Gedit','3.5','2019-10-12',855000,91,'TP003')
INSERT INTO MsSoftware VALUES('SW016','Unreal Engine','5.9','2019-12-11',1350000,125,'TP004')
INSERT INTO MsSoftware VALUES('SW017','Unity','4.4','2018-12-30',999000,63,'TP004')
INSERT INTO MsSoftware VALUES('SW018','Gdevelop','3.2','2019-04-12',2500000,25,'TP004')
INSERT INTO MsSoftware VALUES('SW019','Indie Game Maker','3.2','2019-07-08',2575000,61,'TP004')
INSERT INTO MsSoftware VALUES('SW020','BuildBox','3.6','2020-04-18',1500000,22,'TP004')
INSERT INTO MsSoftware VALUES('SW021','SQL Server','3.2','2019-05-09',150000,121,'TP005')
INSERT INTO MsSoftware VALUES('SW022','MySQL','4.2','2018-08-18',125500,250,'TP005')
INSERT INTO MsSoftware VALUES('SW023','Oracle Database','4.2','2020-01-25',225000,98,'TP005')
INSERT INTO MsSoftware VALUES('SW025','MongoDB','2.9','2018-12-19',135500,59,'TP005')
INSERT INTO MsSoftware VALUES('SW520','PostgreSQL','1.5','2020-02-01',95000,150,'TP005')
INSERT INTO MsSoftware VALUES('SW775','Appy Pie','5.2','2020-01-12',2500000,980,'TP006')
INSERT INTO MsSoftware VALUES('SW252','Appery','4.3','2019-10-23',3000000,17,'TP006')
INSERT INTO MsSoftware VALUES('SW256','Bizness Apps','3.0','2020-01-20',1500000,75,'TP006')
INSERT INTO MsSoftware VALUES('SW238','Verivo','2.5','2017-03-17',1250000,34,'TP006')
INSERT INTO MsSoftware VALUES('SW253','AppsBuilder','2.0','2020-01-25',2230000,12,'TP006')
INSERT INTO MsSoftware VALUES('SW755','Eclipse','2.1','2019-09-16',150000,500,'TP007')
INSERT INTO MsSoftware VALUES('SW345','Xcode','3.1','2020-04-19',170000,552,'TP007')
INSERT INTO MsSoftware VALUES('SW444','PhpStorm','2.9','2017-08-04',75000,13,'TP007')
INSERT INTO MsSoftware VALUES('SW458','Visual Studio','4.2','2020-01-19',85000,5,'TP007')
INSERT INTO MsSoftware VALUES('SW087','NetBeans','7.3','2017-02-20',95000,8,'TP007')
INSERT INTO MsSoftware VALUES('SW090','Squarespace','2.9','2019-01-12',2500000,2,'TP008')
INSERT INTO MsSoftware VALUES('SW098','WordPress','3.5','2018-08-08',1250000,89,'TP008')
INSERT INTO MsSoftware VALUES('SW100','Gator Builder','2.9','2017-11-11',999000,100,'TP008')
INSERT INTO MsSoftware VALUES('SW174','SiteBuilder','4.5','2019-11-30',1560000,9,'TP008')
INSERT INTO MsSoftware VALUES('SW606','Divi','2.7','2019-02-10',1500000,200,'TP008')
INSERT INTO MsSoftware VALUES('SW032','MicroStrategy','5.7','2020-02-28',2200000,190,'TP009')
INSERT INTO MsSoftware VALUES('SW052','Datapine','1.4','2016-12-04',320000,99,'TP009')
INSERT INTO MsSoftware VALUES('SW092','QlikSense','2.3','2019-02-06',235000,87,'TP009')
INSERT INTO MsSoftware VALUES('SW029','Sisense','1.3','2019-12-01',550000,100,'TP009')
INSERT INTO MsSoftware VALUES('SW123','Tableau','4.8','2020-01-23',375000,84,'TP009')
INSERT INTO MsSoftware VALUES('SW259','Candy Crush','5.2','2020-02-18',23500,1021,'TP010')
INSERT INTO MsSoftware VALUES('SW362','The Sims 4','7.1','2019-06-28',500000,872,'TP010')
INSERT INTO MsSoftware VALUES('SW062','PUBG','9.1','2019-01-02',125000,623,'TP010')
INSERT INTO MsSoftware VALUES('SW086','CSGO','1.1','2019-12-02',100000,211,'TP010')
INSERT INTO MsSoftware VALUES('SW222','Dinner Dash 4','7.7','2019-10-01',95000,300,'TP010')


INSERT INTO MsDistributor VALUES('DT001','Alan Surjana','Maju Jaya')
INSERT INTO MsDistributor VALUES('DT002','Teddy Sanjaya','Sinar Matahari')
INSERT INTO MsDistributor VALUES('DT003','Benny Sunggana','Terang Indah')
INSERT INTO MsDistributor VALUES('DT004','Bunga Latisha','Soft Love')
INSERT INTO MsDistributor VALUES('DT005','Dendra Denias','Gajah Bertanduk')
INSERT INTO MsDistributor VALUES('DT006','Haidar Amatya','Saturn Alive')
INSERT INTO MsDistributor VALUES('DT007','Jenovan Abraham','Mentari Pagi')
INSERT INTO MsDistributor VALUES('DT008','Jaevan Adrian','Alpacca Starship')
INSERT INTO MsDistributor VALUES('DT009','Jeffery Makaio','Black on Black')
INSERT INTO MsDistributor VALUES('DT010','Kenta Licoln','Little Huge')
INSERT INTO MsDistributor VALUES('DT011','Wira Adipati','Wood Chuck')
INSERT INTO MsDistributor VALUES('DT012','Theo Bagaskara','Neo City')
INSERT INTO MsDistributor VALUES('DT013','Joshua Gouw','Arcimetra')
INSERT INTO MsDistributor VALUES('DT014','Mario Satora','Drippin Spark')
INSERT INTO MsDistributor VALUES('DT015','Andala Angkasa','Falls Up')
INSERT INTO MsDistributor VALUES('DT016','Brandon Sungkar','Newly Load')
INSERT INTO MsDistributor VALUES('DT017','Narendra Chassio','Hidden Star')
INSERT INTO MsDistributor VALUES('DT018','Fabio Lee','Jalja Up')
INSERT INTO MsDistributor VALUES('DT019','Suherman Wijaya','Jaya Star')
INSERT INTO MsDistributor VALUES('DT020','Arkandra Jonathan','Awan Abadi')