USE [Proyek]

INSERT INTO TrHeaderSales VALUES ('SL001','2018-03-16','SF002','CX001')
INSERT INTO TrHeaderSales VALUES ('SL002','2018-04-02','SF006','CX003')
INSERT INTO TrHeaderSales VALUES ('SL003','2018-05-04','SF008','CX005')
INSERT INTO TrHeaderSales VALUES ('SL004','2018-07-14','SF013','CX010')
INSERT INTO TrHeaderSales VALUES ('SL005','2018-07-19','SF014','CX011')
INSERT INTO TrHeaderSales VALUES ('SL006','2019-01-12','SF003','CX001')
INSERT INTO TrHeaderSales VALUES ('SL007','2019-02-03','SF009','CX019')
INSERT INTO TrHeaderSales VALUES ('SL008','2019-02-28','SF004','CX002')
INSERT INTO TrHeaderSales VALUES ('SL009','2019-03-01','SF005','CX002')
INSERT INTO TrHeaderSales VALUES ('SL010','2019-04-03','SF007','CX004')
INSERT INTO TrHeaderSales VALUES ('SL011','2019-04-11','SF002','CX019')
INSERT INTO TrHeaderSales VALUES ('SL012','2019-05-15','SF001','CX001')
INSERT INTO TrHeaderSales VALUES ('SL013','2019-06-05','SF009','CX006')
INSERT INTO TrHeaderSales VALUES ('SL014','2019-06-11','SF010','CX007')
INSERT INTO TrHeaderSales VALUES ('SL015','2019-06-13','SF011','CX008')
INSERT INTO TrHeaderSales VALUES ('SL016','2019-06-13','SF012','CX009')
INSERT INTO TrHeaderSales VALUES ('SL017','2019-07-12','SF018','CX014')
INSERT INTO TrHeaderSales VALUES ('SL018','2019-07-20','SF015','CX011')
INSERT INTO TrHeaderSales VALUES ('SL019','2019-07-21','SF016','CX012')
INSERT INTO TrHeaderSales VALUES ('SL020','2019-07-22','SF019','CX015')
INSERT INTO TrHeaderSales VALUES ('SL021','2019-07-23','SF020','CX016')
INSERT INTO TrHeaderSales VALUES ('SL022','2019-07-24','SF005','CX017')
INSERT INTO TrHeaderSales VALUES ('SL023','2019-08-20','SF017','CX013')
INSERT INTO TrHeaderSales VALUES ('SL024','2019-08-22','SF008','CX020')
INSERT INTO TrHeaderSales VALUES ('SL025','2019-08-25','SF011','CX017')
INSERT INTO TrHeaderSales VALUES ('SL026','2019-09-26','SF012','CX018')
INSERT INTO TrHeaderSales VALUES ('SL027','2019-10-27','SF014','CX018')
INSERT INTO TrHeaderSales VALUES ('SL028','2019-11-28','SF015','CX018')
INSERT INTO TrHeaderSales VALUES ('SL029','2019-11-30','SF011','CX018')
INSERT INTO TrHeaderSales VALUES ('SL030','2019-12-29','SF014','CX018')

INSERT INTO TrDetailSales VALUES('SL001','SW001',5)
INSERT INTO TrDetailSales VALUES('SL001','SW002',7)
INSERT INTO TrDetailSales VALUES('SL001','SW004',9)
INSERT INTO TrDetailSales VALUES('SL001','SW005',3)
INSERT INTO TrDetailSales VALUES('SL002','SW006',1)
INSERT INTO TrDetailSales VALUES('SL003','SW004',3)
INSERT INTO TrDetailSales VALUES('SL003','SW007',10)
INSERT INTO TrDetailSales VALUES('SL004','SW008',2)
INSERT INTO TrDetailSales VALUES('SL005','SW009',8)
INSERT INTO TrDetailSales VALUES('SL005','SW003',2)
INSERT INTO TrDetailSales VALUES('SL005','SW010',9)
INSERT INTO TrDetailSales VALUES('SL005','SW004',1)
INSERT INTO TrDetailSales VALUES('SL006','SW006',2)
INSERT INTO TrDetailSales VALUES('SL006','SW011',1)
INSERT INTO TrDetailSales VALUES('SL006','SW012',3)
INSERT INTO TrDetailSales VALUES('SL007','SW013',4)
INSERT INTO TrDetailSales VALUES('SL007','SW014',1)
INSERT INTO TrDetailSales VALUES('SL007','SW015',1)
INSERT INTO TrDetailSales VALUES('SL007','SW016',2)
INSERT INTO TrDetailSales VALUES('SL007','SW017',4)
INSERT INTO TrDetailSales VALUES('SL008','SW019',150)
INSERT INTO TrDetailSales VALUES('SL008','SW020',150)
INSERT INTO TrDetailSales VALUES('SL008','SW021',150)
INSERT INTO TrDetailSales VALUES('SL009','SW520',35)
INSERT INTO TrDetailSales VALUES('SL010','SW775',12)
INSERT INTO TrDetailSales VALUES('SL011','SW252',20)
INSERT INTO TrDetailSales VALUES('SL011','SW253',25)
INSERT INTO TrDetailSales VALUES('SL012','SW755',30)
INSERT INTO TrDetailSales VALUES('SL013','SW345',45)
INSERT INTO TrDetailSales VALUES('SL013','SW444',45)
INSERT INTO TrDetailSales VALUES('SL013','SW458',45)
INSERT INTO TrDetailSales VALUES('SL014','SW087',20)
INSERT INTO TrDetailSales VALUES('SL014','SW090',20)
INSERT INTO TrDetailSales VALUES('SL015','SW098',5)
INSERT INTO TrDetailSales VALUES('SL016','SW100',7)
INSERT INTO TrDetailSales VALUES('SL017','SW174',1)
INSERT INTO TrDetailSales VALUES('SL018','SW002',2)
INSERT INTO TrDetailSales VALUES('SL019','SW004',5)
INSERT INTO TrDetailSales VALUES('SL020','SW003',2)
INSERT INTO TrDetailSales VALUES('SL021','SW004',1)
INSERT INTO TrDetailSales VALUES('SL022','SW005',10)
INSERT INTO TrDetailSales VALUES('SL022','SW019',13)
INSERT INTO TrDetailSales VALUES('SL023','SW006',7)
INSERT INTO TrDetailSales VALUES('SL024','SW001',6)
INSERT INTO TrDetailSales VALUES('SL025','SW022',2)
INSERT INTO TrDetailSales VALUES('SL026','SW015',3)
INSERT INTO TrDetailSales VALUES('SL026','SW006',4)
INSERT INTO TrDetailSales VALUES('SL027','SW004',2)
INSERT INTO TrDetailSales VALUES('SL027','SW015',3)
INSERT INTO TrDetailSales VALUES('SL028','SW007',1)
INSERT INTO TrDetailSales VALUES('SL029','SW009',2)
INSERT INTO TrDetailSales VALUES('SL029','SW018',3)
INSERT INTO TrDetailSales VALUES('SL030','SW010',1)

INSERT INTO TrHeaderPurchase VALUES('PR001','2016-12-20','SF001','DT001')
INSERT INTO TrHeaderPurchase VALUES('PR002','2016-12-30','SF002','DT002')
INSERT INTO TrHeaderPurchase VALUES('PR003','2017-01-05','SF003','DT003')
INSERT INTO TrHeaderPurchase VALUES('PR004','2017-01-09','SF004','DT004')
INSERT INTO TrHeaderPurchase VALUES('PR005','2017-01-10','SF005','DT005')
INSERT INTO TrHeaderPurchase VALUES('PR006','2017-03-15','SF006','DT006')
INSERT INTO TrHeaderPurchase VALUES('PR007','2017-11-11','SF007','DT007')
INSERT INTO TrHeaderPurchase VALUES('PR008','2018-01-13','SF008','DT008')
INSERT INTO TrHeaderPurchase VALUES('PR009','2018-03-15','SF009','DT009')
INSERT INTO TrHeaderPurchase VALUES('PR010','2018-07-17','SF010','DT010')
INSERT INTO TrHeaderPurchase VALUES('PR011','2018-09-20','SF011','DT011')
INSERT INTO TrHeaderPurchase VALUES('PR012','2018-10-23','SF012','DT012')
INSERT INTO TrHeaderPurchase VALUES('PR013','2018-11-26','SF013','DT013')
INSERT INTO TrHeaderPurchase VALUES('PR014','2019-01-26','SF014','DT014')
INSERT INTO TrHeaderPurchase VALUES('PR015','2019-02-27','SF015','DT015')
INSERT INTO TrHeaderPurchase VALUES('PR016','2019-03-05','SF016','DT016')
INSERT INTO TrHeaderPurchase VALUES('PR017','2019-04-09','SF017','DT017')
INSERT INTO TrHeaderPurchase VALUES('PR018','2019-04-11','SF018','DT018')
INSERT INTO TrHeaderPurchase VALUES('PR019','2019-05-19','SF019','DT019')
INSERT INTO TrHeaderPurchase VALUES('PR020','2019-07-09','SF020','DT020')
INSERT INTO TrHeaderPurchase VALUES('PR021','2019-07-10','SF003','DT001')
INSERT INTO TrHeaderPurchase VALUES('PR022','2019-08-15','SF006','DT006')


INSERT INTO TrDetailPurchase VALUES('PR001','SW002',200)
INSERT INTO TrDetailPurchase VALUES('PR001','SW003',500)
INSERT INTO TrDetailPurchase VALUES('PR001','SW004',350)
INSERT INTO TrDetailPurchase VALUES('PR002','SW005',175)
INSERT INTO TrDetailPurchase VALUES('PR002','SW006',356)
INSERT INTO TrDetailPurchase VALUES('PR002','SW007',200)
INSERT INTO TrDetailPurchase VALUES('PR003','SW008',120)
INSERT INTO TrDetailPurchase VALUES('PR003','SW009',170)
INSERT INTO TrDetailPurchase VALUES('PR004','SW010',185)
INSERT INTO TrDetailPurchase VALUES('PR005','SW011',500)
INSERT INTO TrDetailPurchase VALUES('PR006','SW012',450)
INSERT INTO TrDetailPurchase VALUES('PR006','SW013',400)
INSERT INTO TrDetailPurchase VALUES('PR007','SW014',390)
INSERT INTO TrDetailPurchase VALUES('PR009','SW015',385)
INSERT INTO TrDetailPurchase VALUES('PR008','SW016',296)
INSERT INTO TrDetailPurchase VALUES('PR010','SW017',235)
INSERT INTO TrDetailPurchase VALUES('PR010','SW018',120)
INSERT INTO TrDetailPurchase VALUES('PR010','SW022',232)
INSERT INTO TrDetailPurchase VALUES('PR011','SW032',241)
INSERT INTO TrDetailPurchase VALUES('PR012','SW052',540)
INSERT INTO TrDetailPurchase VALUES('PR013','SW092',190)
INSERT INTO TrDetailPurchase VALUES('PR014','SW025',230)
INSERT INTO TrDetailPurchase VALUES('PR014','SW019',350)
INSERT INTO TrDetailPurchase VALUES('PR015','SW023',98)
INSERT INTO TrDetailPurchase VALUES('PR015','SW029',35)
INSERT INTO TrDetailPurchase VALUES('PR016','SW259',205)
INSERT INTO TrDetailPurchase VALUES('PR017','SW362',198)
INSERT INTO TrDetailPurchase VALUES('PR017','SW062',582)
INSERT INTO TrDetailPurchase VALUES('PR018','SW086',452)
INSERT INTO TrDetailPurchase VALUES('PR019','SW222',24)
INSERT INTO TrDetailPurchase VALUES('PR020','SW008',215)
INSERT INTO TrDetailPurchase VALUES('PR021','SW052',15)
INSERT INTO TrDetailPurchase VALUES('PR022','SW052',20)